{
  "IsEncrypted": false,
  "Values": {
    "FUNCTIONS_WORKER_RUNTIME": "python",
    "FUNCTIONS_EXTENSION_VERSION": "~4",
    "AzureWebJobsStorage": "DefaultEndpointsProtocol=https;AccountName=cst8917finalstgacc;AccountKey=hmwREQ7C+uXYLkKPHZbMn6FuIgRkZPqYvVlXn8JpAVXvtWeOmLyVmFsNbzJFBn2xD7hPJN5bgUfG+AStiNPfRA==;EndpointSuffix=core.windows.net",
    "AzureWebJobsFeatureFlags": "EnableWorkerIndexing",
    "SERVICE_BUS_CONNECTION_STRING": "Endpoint=sb://cst8922servicebus.servicebus.windows.net/;SharedAccessKeyName=RootManageSharedAccessKey;SharedAccessKey=4QsuhrnSncilGQsP1tgIPTtKUEu9fmxJz+ASbLzcL8s="
   
  }
}